{
    "name": "srd-heros-et-dragons",
    "title": "srd-heros-et-dragons",
    "description": "intègre le srd de héros et dragons ",
    "version": "0.2",
    "minimumCoreVersion": "0.4.4",
    "author": "Rwanoux",
    "esmodules": [
        "./srd-heros-et-dragons.js"
    ],
    "styles": ["/style/HD.css"],
    "packs": [

    ],

    "url": "https://gitlab.com/lemaire.erw/srd-heros-et-dragons.git",
    "manifest": "https://gitlab.com/lemaire.erw/srd-heros-et-dragons/-/raw/master/module.json",
    "download": "https://gitlab.com/lemaire.erw/srd-heros-et-dragons/-/raw/master/srd-heros-et-dragons.zip"

}