{
    "name": "srd-heros-et-dragons",
    "title": "srd-heros-et-dragons",
    "description": "cree des monstres en fr",
    "version": "0.2",
    "minimumCoreVersion": "0.4.4",
    "author": "Rwanoux",
    "esmodules": [
        "./srd-heros-et-dragons.js"

    ],
    "styles": ["/style/HD.css"],
    "packs": [

    ],

    "url": "https://gitlab.com/lemaire.erw/srd-heros-et-dragons.git",
    "manifest": "https://gitlab.com/lemaire.erw/srd-heros-et-dragons/raw/a6c0d24d7d169603ba57bce48ad3379a83f07aed/module.json"


}